Subject,From,To,Date,Body
"Project Update","alice@orgA.com","bob@orgB.com","2024-01-02","Hi Bob, I wanted to give you a quick update on our current project. Things are progressing well, and we're nearing the final stages of development. I think you'll be impressed with what we have in store. Let's catch up soon. Best, Alice"
"Re: Project Update","bob@orgB.com","alice@orgA.com","2024-01-03","Hey Alice, Thanks for the update! I'm really looking forward to seeing the final product. Let's schedule a meeting next week to discuss potential collaborations. Cheers, Bob"
"Confidential: Design Specs","alice@orgA.com","bob@orgB.com","2024-01-04","Bob, I've attached some preliminary design specs for the upcoming project. Please keep this under wraps as we are still finalizing details internally. Your insights would be invaluable, but let's keep this between us for now. Regards, Alice"
"HR Policy Changes","hr@orgA.com","all@orgA.com","2024-01-05","Dear Team, We have updated our HR policies regarding remote work and vacation days. Please review the attached document and reach out if you have any questions. Best, HR Team"
"Quick Question About Specs","bob@orgB.com","alice@orgA.com","2024-01-06","Hi Alice, I had a question about the specs you sent over. Are there any specific features that you think might be a game changer? I'd love to hear your thoughts. Thanks! Bob"
"Re: Quick Question About Specs","alice@orgA.com","bob@orgB.com","2024-01-07","Hey Bob, Absolutely! There are a few features that we believe will set us apart in the market. I can share more details if you promise to keep it discreet. Best, Alice"
"Meeting Reminder: Project Sync-Up","carol@orgA.com","team@orgA.com","2024-01-08","Hi Team, Just a reminder about our project sync-up tomorrow at 10 AM. Please come prepared with your updates and any blockers you're facing. Thanks, Carol"
"Re: Meeting Reminder: Project Sync-Up","dave@orgA.com","carol@orgA.com","2024-01-09","Hi Carol, Looking forward to the meeting! I've been working on some innovative solutions that could enhance our project's performance metrics. I'll share them during the meeting. Best, Dave"
"Insider Info Needed ASAP","alice@orgA.com","bob@orgB.com","2024-01-10","Bob, I need your expertise on something urgent. Can we discuss the latest market trends? I believe they could impact our upcoming launch significantly. Let me know when you're free. Alice"
"Re: Insider Info Needed ASAP","bob@orgB.com","alice@orgA.com","2024-01-11","Sure Alice, I can provide some insights on that. Let's chat later today? I have some data that might be useful for your strategy. Cheers, Bob"
"Team Outing Plans!","emily@orgA.com","all@orgA.com","2024-01-12","Hi Everyone, We're planning a team outing next month! Please fill out the attached survey to help us decide on activities and dates. Looking forward to everyone's input! Best, Emily"
"Project Milestone Achieved!","frank@orgA.com","team@orgA.com","2024-01-13","Dear Team, I'm thrilled to announce that we have achieved a significant milestone in our project! Great job everyone! Let's keep up the momentum as we move into the next phase. Cheers, Frank"
"Market Analysis Request","alice@orgA.com","bob@orgB.com","2024-01-14","Bob, Could you send me that market analysis report we discussed last week? It would really help us align our strategies moving forward. Thanks! Alice"
"Re: Market Analysis Request","bob@orgB.com","alice@orgA.com","2024-01-15","Hi Alice, Absolutely! I'll send it over shortly. It contains some sensitive information, so please handle it with care. Best, Bob"
"Reminder: Compliance Training Tomorrow!","hr@orgA.com","all@orgA.com","2024-01-16","Dear Team, This is a reminder for compliance training scheduled for tomorrow at 2 PM. Attendance is mandatory. Please be on time. Thank you! HR Team"
"Re: Compliance Training Tomorrow! ","jane@orgA.com ","hr@orgA.com ","2024-01-17 ","Hi HR Team, I won't be able to attend due to a scheduling conflict. Is there any way I can catch up on what I missed? Thanks, jane "
"Confidential Insights Needed ","alice@orgA.com ","bob@orgB.com ","2024-01-18 ","Hey Bob, I'm looking for some confidential insights regarding competitor strategies in light of recent market shifts. Your perspective would be invaluable here—let's keep this off the record, okay? Best, alice "
"Re: Confidential Insights Needed ","bob@orgB.com ","alice@orgA.com ","2024-01-19 ","Of course, Alice! I'll compile some thoughts and send them your way shortly. Let's ensure we maintain discretion as always. Cheers, bob "
"Project Feedback Request ","carol@orgA.com ","team@orgA.com ","2024-01-20 ","Hi Team, As we wrap up this phase of the project, I would appreciate your feedback on what worked well and what could be improved for next time. Please reply by Friday so we can incorporate your suggestions moving forward. Thanks! carol "
"Re: Project Feedback Request ","dave@orgA.com ","carol@orgA.com ","2024-01-21 ","Hi Carol, I think communication was key in our success this phase. However, I believe we could improve on documentation processes for future projects. Happy to discuss further! dave "
"Urgent: Need Your Thoughts ","alice@orgA.com ","bob@orgB.com ","2024-01-22 ","Bob, I need your thoughts on some sensitive topics regarding our upcoming launch strategy—specifically how we can position ourselves against competitors without drawing too much attention. Can we chat later today? alice "
"Re: Urgent: Need Your Thoughts ","bob@orgB.com ","alice@orgA.com ","2024-01-23 ","Absolutely, Alice! Let's discuss this in detail later today; it's crucial that we approach this carefully given the stakes involved. bob "
"Weekly Check-In Reminder ","emily@orgA.com ","team@orgA.com ","2024-01-24 ","Hi Team, Just a reminder about our weekly check-in tomorrow at 11 AM. Bring any updates or concerns you'd like to discuss with the group! Looking forward to seeing everyone there! emily "
"Re: Weekly Check-In Reminder ","frank@orgA.com ","emily@orgA.com ","2024-01-25 ","Thanks Emily! I'll make sure to prepare my updates regarding our progress on the current project phase—excited to share what we've accomplished so far! frank "
"Final Review Needed Before Launch ","alice@orgA.com ","bob@orgB.com ","2024-01-26 ","Hey Bob, We're in the final review stages before launch and need your keen eye on a few details—especially regarding competitive positioning and market entry tactics. Can you help? Let's keep it discreet as always! alice "
"Re: Final Review Needed Before Launch ","bob@orgB.com ","alice@orgA.com ","2024-01-27 ","Of course, Alice! I'll review everything and provide my feedback by tomorrow morning—let's ensure we're aligned for a successful launch! bob "
"Innovation Brainstorming Session Invite ","carol@orgA.com ","team@orgA.com ","2024-01-28 ","Hello Team, You are invited to an innovation brainstorming session next week where we will explore new ideas for enhancing our project outcomes. Your input is vital! Please RSVP by Wednesday. best, carol "